iter	RMSE
0	1.028844504
1	1.023556337
